2.6249445797071678,-0.019178726504498048,3.0,-0.015147353996195422,0.0,0.009171506104689156
2.7494424131697155,-0.020988039078581263,3.0,-0.013871154176738024,0.1245109800333248,0.011349519345392408
2.87372366352791,-0.022618581626728387,3.0,-0.012319646774200289,0.2488029261102832,0.013629731397250376
2.997780173136534,-0.024036123368479892,3.0,-0.010484242082538855,0.37286753428225244,0.01596374198582213
3.12160468710939,-0.025205992076068853,3.0,-0.008362515310038692,0.49669757447205026,0.018301823589587096
3.2451912713878053,-0.02609385617338103,3.0,-0.005958324408002244,0.620287347982083,0.02059265630168248
3.3685357308091373,-0.02666650683491567,3.0,-0.003281948791713383,0.7436331367173323,0.022783094807124187
3.491636027175286,-0.026892640084745786,3.0,-0.0003502452497039114,0.866733640784864,0.024817990464513502
3.614492697321198,-0.026743638895478594,3.0,0.0028131845253674217,0.9895904012854395,0.026640092460785022
3.7371092711833804,-0.02619435528721604,3.0,0.006177822232444755,1.1122082054501787,0.028190052537597713
3.8594926898683988,-0.025223892426515106,3.0,0.009706066391154568,1.2345954718106809,0.029406557666214195
3.9816537237214034,-0.02381638672534829,3.0,0.01335308199455379,1.3567646138406295,0.030226614073878385
4.103607390394615,-0.021961789940064095,3.0,0.017066679124798246,1.4787323814855147,0.030586004028025034
4.225373372915846,-0.01965665127034763,3.0,0.02078723472203219,1.6005201812178664,0.030419933656108893
4.346976437757013,-0.016904899458180616,3.0,0.02444767288937628,1.7221543767255472,0.029663885803537453
4.468446852902632,-0.013718624886802285,3.0,0.027973520000814486,1.8436665740610139,0.02825468661507852
4.589820805918337,-0.010118861679669482,3.0,0.031283051422712975,1.9650938970398473,0.026131788400969885
4.711140822019381,-0.006136369799417403,3.0,0.03428754685884522,2.0864792608541634,0.023238764766935573
4.832456182139149,-0.001812417146819797,3.0,0.03689167120976002,2.207871654221832,0.019525007361140732
4.953823340997671,0.0028004383402504933,3.0,0.038993997457759444,2.3293264428682017,0.014947607309810797
5.0753063451701115,0.007637566587861159,3.0,0.040487687529097316,2.4509057096551214,0.009473398713796143
5.1969772511553005,0.012621483287059747,3.0,0.04126134643004452,2.5726786491323357,0.0030811363915697527
5.318916543444225,0.017661067794913526,3.0,0.04120006426223568,2.694722036564575,-0.004236225153527128
5.441213552588551,0.02265078103554896,3.0,0.04018665998686444,2.8171207934368208,-0.012469190916431599
5.5639668732656675,0.027469883405422106,3.0,0.03810314109105616,2.939968672884983,-0.021589111234926957
5.687284687465375,0.03198176907201526,3.0,0.034836592323116006,3.0633689987000396,-0.03142906394947976
5.81128348374255,0.03603526792180242,3.0,0.03031112186584966,3.1874340313688525,-0.04151162039127836
5.936083706995407,0.039469713030329874,3.0,0.02450960254558716,3.312281502857731,-0.051330532164800595
6.0618045036430654,0.0421211178643156,3.0,0.0174728169117867,3.438030254968102,-0.06041741995733837
6.1885584455863905,0.04382837951168752,3.0,0.009295890874225705,3.5647956940297973,-0.06835735422741498
6.316446254168795,0.04443948191162196,3.0,0.00012346344999016252,3.6926849626575953,-0.07480075018242811
6.445551524137076,0.043817699084582176,3.0,-0.009856099946422866,3.821791729898769,-0.07947004251543652
6.575935447602234,0.04184779836235668,3.0,-0.020417019190124043,3.952190533601194,-0.08216011998413453
6.7076315380003075,0.03844224361809774,3.0,-0.0313024093713394,4.083930649090949,-0.08273206033399266
6.840640354053178,0.03354739849635982,3.0,-0.04222999946624003,4.217029502040748,-0.08110022281330945
6.97492422372942,0.02714972964313773,3.0,-0.052896638139096105,4.3514656869835715,-0.07721311281667236
7.1104019682051005,0.019282009935905786,3.0,-0.06298095341277216,4.487171693709912,-0.07102850648014204
7.246943625824624,0.01002952171365544,3.0,-0.07214352163007252,4.624026480998446,-0.06248299422038871
7.384365176061538,-0.00046373999306601604,3.0,-0.08002385933296308,4.761848072234225,-0.05145525753781232
7.522423263479382,-0.011988864232116751,3.0,-0.08623343718354619,4.900386384589323,-0.03772089101095814
7.6608099216924845,-0.024265820899722127,3.0,-0.09034367155871763,5.0393165499113595,-0.020894177535370203
7.799147297326806,-0.036937257510436534,3.0,-0.0918673996119757,5.17823305290208,-0.0003484456717025933
7.936982373980761,-0.0495622959671046,3.0,-0.09023157479694574,5.3166451186775525,0.02489942915399611
8.073781696186032,-0.061610329330822784,3.0,-0.08473766032046162,5.45397395637654,0.05636486031087373
8.208926093368408,-0.07245481859090112,3.0,-0.07450418331695564,5.589552756478547,0.09637319386897807
8.341705403808604,-0.08136708943482479,3.0,-0.0583827559179409,5.722630830752896,0.14850941047536442
8.471313198622461,-0.08751012903868761,3.0,-0.03483410830146314,5.852384125169977,0.21835570086144357
8.596842401911438,-0.08993332914353869,3.0,-0.0017779587026162784,5.977936714856982,0.3137073992349629
8.717296768920956,-0.08758397395167332,3.0,0.04338198056642078,6.098413990728747,0.4435278181604976
8.831633674070188,-0.079351788805962,3.0,0.1037211319923908,6.213046868871877,0.6193548860009639
8.938816434476472,-0.064123557608053,3.0,0.18276084351476135,6.3213060170013895,0.8533146129378837
9.03786687082101,-0.040837990850504685,3.0,0.2840672541912069,6.423056724906855,1.1501155187010568
9.127917868214626,-0.008540593648918855,3.0,0.410094048847995,6.518724399685654,1.4892338359696362
9.208265937063478,0.03356146622592598,3.0,0.559995223836253,6.609434904112898,1.8020756696590263
9.278423773934795,0.0860444903159426,3.0,0.7271062397037846,6.6970510549761695,1.9758913037621149
9.338172822422594,0.14921338144360063,3.0,0.8985355159737455,6.7840007967900195,1.9223033541342047
9.38761583401341,0.22304677567979447,3.0,1.0589790300450301,6.87286013225685,1.6590882531693807
9.427229243060072,0.30714235736396245,3.0,1.1964538533814157,6.965818666212033,1.2928897822772256
9.45789488816102,0.40068251221198226,3.0,1.3057223220552392,7.064257186916322,0.9384693433114047
9.48082093335233,0.5025090880151128,3.0,1.3880061457174782,7.168632735240173,0.6535947782293284
9.49737515765343,0.6112844483141704,3.0,1.4477200313178955,7.278660556042009,0.44546773366337883
9.508909247902896,0.7256613930157654,3.0,1.4901522248531627,7.393617594613619,0.30330164759881695
9.51660214117616,0.844435136871917,3.0,1.5202081926707276,7.512640209424925,0.20847778878182133
9.52140384688322,0.966600646588944,3.0,1.5415138843022853,7.634900048056089,0.14441958384458087
9.524057535269478,1.0913362591539195,3.0,1.5566328099646403,7.759663885380896,0.10085162067942607
9.52512965932888,1.2179797335251548,3.0,1.5674057034296112,7.8863118978043705,0.07124804577932534
9.525040087651265,1.3460042920238808,3.0,1.575160373670828,8.014336487637259,0.05123317500856611
9.524092237269665,1.4749946617259315,3.0,1.5808374068647846,8.143330339801684,0.037652002970118115
9.52250320650763,1.6046231158534237,3.0,1.5850636038083645,8.272968533009728,0.028030632623572145
9.52043387882205,1.7346255373362112,3.0,1.5881951699644405,8.402987422823703,0.020340930551985666
9.518016183599881,1.8647796554744789,3.0,1.5904004316723332,8.533163994135661,0.013698856316593387
9.51536588867304,1.9948943415283942,3.0,1.5917994705572807,8.663305669205979,0.007936287037680198
9.51258446189862,2.1248072594401695,3.0,1.592498250186447,8.79324835878586,0.0029361681247459096
9.509759854893133,2.254383340414783,3.0,1.5925917538679009,8.92285522266843,-0.0013890200514290233
9.506967285533452,2.3835132584434278,3.0,1.5921662816495172,9.052015333282013,-0.005104504943010619
9.504270020457744,2.5121119058269357,3.0,1.591301186286115,9.18064226416259,-0.008258884608882142
9.501720157566393,2.640116868699223,3.0,1.5900701538463575,9.308672621190524,-0.010888685561395979
9.499359408522919,2.7674869025507243,3.0,1.5885421077930917,9.43606453089981,-0.013022134295027939
9.497219881254928,2.8942004077518337,3.0,1.586781797204921,9.562796097517136,-0.01468234945345391
9.495324862455034,3.0202539050763377,3.0,1.5848501179904966,9.688863838370976,-0.015890080170767464
9.493689600081774,3.1456605112248517,3.0,1.582804208784913,9.814281105717694,-0.016666056275270937
9.492322085860566,3.270448414348265,3.0,1.5806973594025109,9.93907650171083,-0.017032972859549158
9.491223837784615,3.3946593495711683,3.0,1.578578768181338,10.063292292083005,-0.017017102608539555
9.490390682615843,3.5183470745152974,3.0,1.5764931843680532,10.186982823043907,-0.01664951292387535
9.48981353838584,3.6415758448229707,3.0,1.5744804720400387,10.31021294487702,-0.0159668604480835
9.489479196896768,3.764418889680519,3.0,1.572575132224121,10.43305644472176,-0.015011742098448456
9.489371106222308,3.886956887341733,3.0,1.5708058192433783,10.555594490056317,-0.013832597627393192
9.48947015320857,4.009276440651293,3.0,1.5691948854439464,10.677914083467003,-0.012483181717900908
9.489755445975058,4.131468552568211,3.0,1.5677579850367362,10.800106528432636,-0.011021650621865312
9.490205096415556,4.253627101689264,3.0,1.5665037627466885,10.922265905104586,-0.009509335755958762
9.490797002699086,4.375847317772434,3.0,1.5654336464108343,11.04448755446535,-0.008009300774534626
9.491509631770835,4.498224257260345,3.0,1.5645417549099723,11.166866568837184,-0.006584796134161556
9.492322801853076,4.620851278803701,3.0,1.5638149243102755,11.28949628651678,-0.00529773364125824
9.493218464946093,4.743818518784719,3.0,1.5632328463743874,11.412466788349233,-0.004207301804066356
9.494181489329135,4.867211366840569,3.0,1.562768305240884,11.53586339432888,-0.0033688313208600743
9.495200442061307,4.9911089413868135,3.0,1.5623874905786461,11.659765158816366,-0.002833000449252009
9.496268371482545,5.115582565140846,3.0,1.5620503592939083,11.784243363670507,-0.002645445143192274
9.497383589714504,5.240694240645316,3.0,1.561711013131894,11.909360009482487,-0.0028468121986585586
9.49855045516152,5.366495125791587,3.0,1.561318056307921,12.035166306139518,-0.0034732688484514383
9.49978015501151,5.493024009343154,3.0,1.5608148954621681,12.161701165109395,-0.004557462607425063
9.50109148773692,5.62030578645909,3.0,1.5601399434114953,12.288989697111722,-0.006129913362735939
9.502511645595664,5.748349934217487,3.0,1.5592266878679548,12.417041720225447,-0.008220817616143293
9.50407699604919,5.877148986648786,3.0,1.5580036930889223,12.54585028449523,-0.010853717621461851
9.505833239053153,6.006676727285296,3.0,1.556411108916377,12.675389930873813,-0.013706630440337394
9.507829835091687,6.13688378861492,3.0,1.5544654630939745,12.805612299212887,-0.016019867052924547
9.510107406692626,6.267690071290185,3.0,1.552284510587603,12.936438408685419,-0.017045563297629792
9.512683875793389,6.398976591175733,3.0,1.5500848629720498,13.067750207457218,-0.016063261334265274
9.515540590676355,6.53057732167487,3.0,1.5481809802330653,13.19938194028722,-0.012346908909203081
9.518608452904285,6.662271036056161,3.0,1.5469877447194156,13.331111383412857,-0.005111386042567753
9.521754044255697,6.793773149779985,3.0,1.5470287415352746,13.46265111375614,0.006569840697899103
9.524765753660285,6.924727562825125,3.0,1.5489531858688146,13.593640154097441,0.023889807605889542
9.527339904134298,7.054698502015329,3.0,1.5535656991506455,13.723636582066238,0.048499667065511134
9.529066879715947,7.18316236334589,3.0,1.56187514154301,13.852112050980024,0.08280806652113011
9.5294172524008,7.309499554310213,3.0,1.575171898409164,13.978449727790126,0.1304596521423746
9.527727909077182,7.432986336226399,3.0,1.5951479458210425,14.101948064576016,0.19711370209081175
9.523188178461572,7.55278666656381,3.0,1.6240809920078336,14.221834378653208,0.2917156965822074
9.51482595803399,7.667944041269635,3.0,1.6651114159231923,14.337294967945041,0.42851414757206013
9.501493840973419,7.77737333709549,3.0,1.7226388526508967,14.44753341917808,0.6299103418733865
9.481855243093172,7.87985265392396,3.0,1.8028151348359513,14.551877488987207,0.9289357814067737
9.45437160286419,7.97401611498339,3.0,1.9137914198857324,14.649969832617721,1.3593851671224797
9.417355547173734,8.058405551149328,3.0,2.062406039286627,14.742120607521048,1.8680639245787036
9.36929484782706,8.13176390566882,3.0,2.2445936149233656,14.829820544804372,2.232728872772425
9.309334567427792,8.193469484970798,3.0,2.4385564619520808,14.915860150466832,2.195873481392183
9.237561997239712,8.243787089444895,3.0,2.6160719416460103,15.003513804990842,1.8137745038264967
9.154847108729708,8.283707387172297,3.0,2.76039921881963,15.09535814587185,1.3330815080349745
9.062537498452063,8.314651495264853,3.0,2.8692615100796686,15.192716257887515,0.9251658489737499
8.962149913288119,8.33817243001221,3.0,2.9486812756680707,15.295822521646985,0.6365998101544141
8.855103689326839,8.355697599217969,3.0,3.0064634556982104,15.404293834075935,0.44294510507725626
8.74262480039066,8.368438356932648,3.0,3.048677900133155,15.51749201146171,0.3120618539969698
8.62575550311406,8.377402959217505,3.0,3.079647634794574,15.634704624861685,0.22234268723096876
8.505371929937327,8.383417302573594,3.0,3.1024527460198614,15.75523834220585,0.16003037608819107
8.382201684237605,8.387145664463734,3.0,3.1193169942838885,15.878465003720773,0.1163866205809821
8.256841435459986,8.389111443834432,3.0,3.131869894592726,16.003840664285818,0.08573846673857685
8.129774514248547,8.389717901637841,3.0,3.1413161639486127,16.13090903272274,0.06425885028292394
8.001388507577433,8.389268901353693,3.0,-3.1346425156935895,16.259295824528635,0.04922700041976397
7.871992853881904,8.38798964951125,3.0,-3.1289996614010973,16.388697801640927,0.038582492539516317
7.741836438189407,8.386047436211229,3.0,-3.124514990770403,16.518868707524003,0.030656365789439973
7.611125153954903,8.38357233502096,3.0,-3.1209465313994618,16.649603423464853,0.024090484054369317
7.480037382635697,8.380675362136184,3.0,-3.1181722785576182,16.78072320168817,0.018355100976756307
7.348730852963762,8.377456117219161,3.0,-3.116098824487954,16.912069188578986,0.013327772163095901
7.217344081944573,8.37400381296591,3.0,-3.1146434365425573,17.043501307954372,0.008914620635277724
7.085997399226143,8.37039779631,3.0,-3.1137320767003027,17.17489748148031,0.005041586287970516
6.954793971339509,8.366708069469462,3.0,-3.113297861780436,17.306152780700423,0.0016499597033390614
6.823820825939245,8.36299581099376,3.0,-3.113279857870432,17.437178525037286,-0.0013071213237498506
6.693149876043958,8.359313896810697,3.0,-3.1136221461020255,17.567901337272136,-0.0038674659531670375
6.562838944276804,8.355707421273369,3.0,-3.1142731112501094,17.698262165759168,-0.00606209485391738
6.432932787105953,8.352214218207106,3.0,-3.115184915040028,17.828215280914442,-0.007917101991029216
6.303464119085145,8.348865381956413,3.0,-3.1163131235568104,17.95772725218859,-0.009455202217034686
6.174454637094147,8.345685788431897,3.0,-3.117616463512097,18.08677591068052,-0.010697025386896476
6.045916044579277,8.34269461615722,3.0,-3.1190566859118376,18.215349301696236,-0.011662197534596859
5.917851075793901,8.339905867316022,3.0,-3.1205985183218714,18.343444630846438,-0.012370235318489074
5.790254520038935,8.337328888798886,3.0,-3.122209688799311,18.471067206665953,-0.012841270232517838
5.663114245903344,8.334968893250247,3.0,-3.123861005928274,18.598229382198863,-0.013096613128808788
5.536412225504652,8.332827480115347,3.0,-3.125526480499663,18.72494949750549,-0.01315916674715365
5.410125558729431,8.330903156687175,3.0,-3.12718347539309,18.851250824600072,-0.01305369363917121
5.284227497473823,8.329191859153404,3.0,-3.1288128713012417,18.977160515915592,-0.01280694857905421
5.158688469884012,8.32768747364332,3.0,-3.1303992371913356,19.102708557015237,-0.012447687732896317
5.033477104596762,8.326382357274786,3.0,-3.131930995895611,19.227926723931354,-0.012006570966767553
4.908561254979893,8.325267859201153,3.0,-3.133400576998153,19.352847545220122,-0.011515978166519442
4.783909021477188,8.324334840722203,3.0,-3.134804500869689,19.477503270482522,-0.011007562929000335
4.659489646828573,8.323574132623499,3.0,-3.1361421758689154,19.601924970618647,-0.01049384802423305
4.535273866846753,8.322976723680716,3.0,-3.1374136092278375,19.72614218719484,-0.009976725096033225
4.411233908288367,8.322533774906452,3.0,-3.1386189683072216,19.850182936639456,-0.009457903665268778
4.287343458412345,8.32223661981681,3.0,-3.1397585709760087,19.97407374288282,-0.008939005540258383
4.163577634526963,8.322076764692378,3.0,-3.14083287656489,20.097839670002074,-0.008421559638913133
4.039912953536892,8.322045888839183,3.0,3.141342830522201,20.221504354846594,-0.00790699819061827
3.91632730149026,8.322135844849704,3.0,3.1403972213714555,20.34509003963199,-0.007396654234071314
3.792799903125697,8.322338658863835,3.0,3.139514774908855,20.468617604491993,-0.006891760315761673
3.6693112914193873,8.322646530829845,3.0,3.1386945583697496,20.59210659997863,-0.006393448285526127
3.5458432771321284,8.323051834765392,3.0,3.1379355435153293,20.715575279502303,-0.005902750080393379
3.4223789183563786,8.323547119018476,3.0,3.1372366154595497,20.839040631704442,-0.005420599385444048
3.2989024900633095,8.32412510652843,3.0,3.1365965812349423,20.962518412756644,-0.004947834060333175
3.1753994536498613,8.324778695086886,3.0,3.136014178053703,21.086023178581065,-0.004485199222110929
3.0518564264857977,8.325500957598777,3.0,3.135488081227697,21.209568316988033,-0.004033350878691943
2.928261151460751,8.326285142343288,3.0,3.1350169117178694,21.33316607972762,-0.003592860012431424
2.804602466531282,8.327124673234849,3.0,3.13459924328997,21.456827614452866,-0.003164217019451484
2.6808702742679325,8.328013150084114,3.0,3.134233609259436,21.580562996593166,-0.002747836417332581
2.557055511402264,8.328944348858943,3.0,3.1339185088136987,21.704381261136973,-0.002344061741278286
2.433150118373937,8.329912221945364,3.0,3.1336524129051138,21.82829043432369,-0.0019531705566440826
2.309147008877739,8.33091089840857,3.0,3.133433769712083,21.95229756524528,-0.0015753795235904004
2.185040039410652,8.331934684253893,3.0,3.1332610096698494,22.07640875735849,-0.0012108494574074532
2.0608239788188976,8.332978062687777,3.0,3.133132550075809,22.200629199909184,-0.0008596903356243761
1.9364944778449917,8.334035694378748,3.0,3.1330467992771216,22.324963199270638,-0.0005219662102471058
1.8120480386748008,8.335102417718431,3.0,3.133002160450851,22.449414210197922,-0.00019769999028387662
1.6874819844845887,8.336173249082476,3.0,3.132997034988938,22.573984867000917,0.00011312193394713387
1.5627944289880726,8.337243383091577,3.0,3.1330298255019486,22.698677014638587,0.00041054524741668854
1.437984245983479,8.338308192872434,3.0,3.133098938456884,22.82349173973747,0.0006946434653031305
1.3130510389005867,8.33936323031873,3.0,3.1332027864653083,22.948429401537386,0.0009655138989172255
1.1879951103477913,8.340404226352119,3.0,3.133339790238774,23.073489662767496,0.0012232738411365098
1.0628174316591503,8.341427091183196,3.0,3.133508380228998,23.198671520455978,0.0014680569761981053
0.9375196124414367,8.34242791457248,3.0,3.1337069979704553,23.323973336676538,0.001700010015550844
0.8121038701211944,8.343402966091391,3.0,3.133934097143137,23.449392869235076,0.0019192895587975504
0.6865729994917897,8.344348695383232,3.0,3.134188144373107,23.574927302299752,0.0021260591765344308
0.560930342260461,8.345261732424154,3.0,3.134467619788236,23.700573276977764,0.002320486710082285
0.4351797565953774,8.346138887784164,3.0,3.134771017346174,23.826326921841986,0.0025027417816681583
0.3093255866726862,8.34697715288807,3.0,3.135096844951157,23.952183883410722,0.0026729935075203355
0.18337263222356945,8.34777370027648,3.0,3.1354436243757693,24.0781393565836,0.0028314084055494097
0.05732611808129318,8.348525883866778,3.0,3.135809891003221,24.204188115036718,0.0029781484887695274
-0.06880833627173757,8.349231239214092,3.0,3.1361941934051347,24.330324541579976,0.003113369535335443
-0.19502474715692641,8.349887483772292,3.0,3.136595092769232,24.45654265847949,0.0032372195260021567
-0.3213167971524327,8.350492517154947,3.0,3.1370111621907397,24.582836157747906,0.003349837239927947
-0.4476778655461205,8.351044421396319,3.0,3.1374409858407173,24.70919843140538,0.003451351000012962
-0.5741010587885031,8.351541461212335,3.0,3.13788315802398,24.835622601713826,0.0035418775593715345
-0.7005792409456931,8.351982084261573,3.0,3.1383362821387286,24.962101551387118,0.003621521121057189
-0.8271050641523475,8.352364921406224,3.0,3.1387989695495064,25.088627953779664,0.0036903724837764116
-0.9536709990646162,8.352688786973093,3.0,3.139269838384651,25.21519430305593,0.0037485083070252136
-1.0802693653130888,8.352952679014559,3.0,3.1397475122689897,25.341792944343236,0.0037959904898473436
-1.2068923619557415,8.353155779569558,3.0,3.1402306190021676,25.46841610387024,0.003832865658232647
-1.3335320979308851,8.35329745492458,3.0,3.140717789192711,25.595055919093415,0.0038591647570379566
-1.4601806225101108,8.353377255874605,3.0,3.141207654857666,25.721704468813837,0.0038749027432121203
-1.5868299557512453,8.353394917984142,3.0,-3.1414864591821035,25.84835380328652,0.0038800783780330323
-1.7134721189512836,8.353350361848149,3.0,-3.1409953080238817,25.974995974324585,0.0038746741170107494
-1.8400991650993477,8.353243693353047,3.0,-3.140505571206645,26.101623065400513,0.0038586560970705766
-1.9667032093296284,8.353075203937683,3.0,-3.1400186254349265,26.228227221746764,0.0038319742215969627
-2.093276459374337,8.352845370854325,3.0,-3.1395358531872177,26.354800680458006,0.003794562344887305
-2.219811246016649,8.35255485742962,3.0,-3.1390586441216546,26.4813358005973,0.0037463385585282693
-2.346300053543651,8.352204513325587,3.0,-3.138588396448619,26.60782509330856,0.0036872055831591332
-2.4727355501992943,8.351795374800593,3.0,-3.138126518260051,26.734261251937696,0.0036170512700203347
-2.599110618637331,8.351328664970321,3.0,-3.1376744288049054,26.860637182164872,0.003535749217592351
-2.7254183863742716,8.35080579406877,3.0,-3.1372335596998084,26.986946032150406,0.0034431595095015645
-2.851652256242328,8.350228359709206,3.0,-3.136805356063514,27.11318122269688,0.0033391295806950603
-2.9778059368423597,8.349598147145178,3.0,-3.1363912775632543,27.23933647743013,0.0032234952196535573
-3.1038734729968245,8.348917129531449,3.0,-3.135992799360526,27.365405853001864,0.0030960817151067122
-3.2298492762027227,8.348187468185023,3.0,-3.1356114129432697,27.491383769316794,0.0029567051563222516
-3.3557281550845435,8.347411512846076,3.0,-3.135248626830762,27.617265039787156,0.0028051738965409966
-3.481505345847218,8.346591801938988,3.0,-3.1349059671368957,27.743044901617743,0.002641290189503944
-3.6071765427290607,8.345731062833273,3.0,-3.134584977976847,27.86871904612457,0.0024648520092412896
-3.7327379284547173,8.344832212104581,3.0,-3.1342872217014577,27.994283649090452,0.0022756550633413804
-3.858186204688116,8.343898355795675,3.0,-3.134014278942991,28.119735401160867,0.002073495009761271
-3.9835186224854118,8.34293278967741,3.0,-3.1337677484552664,28.245071538283582,0.0018581698868490207
-4.1087330127479325,8.341938999509711,3.0,-3.133549246730583,28.37028987219564,0.0016294827655877573
-4.23382781667513,8.340920661302542,3.0,-3.133360407375279,28.495388820961363,0.0013872446321070782
-4.3588021162175234,8.3398816415769,3.0,-3.1332028802252982,28.620367439565115,0.0011312775072016487
-4.483655664529649,8.338825997625786,3.0,-3.133078330182772,28.745225450562728,0.0008614178079113266
-4.608388916423008,8.337757977775183,3.0,-3.132988435754362,28.86996327479537,0.0005775199541131649
-4.73300305881901,8.336682021645036,3.0,-3.1329348872720155,28.994582062169847,0.00027946022051523236
-4.857500041201924,8.335602760410225,3.0,-3.132919384776876,29.119083722509234,-3.285916861100162e-05
-4.981882606071822,8.334525017061557,3.0,-3.1329436355473725,29.243470956477758,-0.0003595057082016769
-5.106154319397534,8.333453806666736,3.0,-3.133009351253075,29.367747286583768,-0.0007005120550490607
-5.230319601069588,8.332394336631335,3.0,-3.1331182447167074,29.491917088264596,-0.0010558712594080498
-5.354383755353153,8.331352006959793,3.0,-3.1332720262678655,29.61598562105692,-0.001425531805933014
-5.478353001341006,8.330332410516373,3.0,-3.13347239967347,29.739959059856144,-0.0018093924901945784
-5.602234503406452,8.329341333286155,3.0,-3.1337210576318855,29.863844526267936,-0.0022072971634727154
-5.726036401656296,8.32838475463601,3.0,-3.134019676819917,29.987650120055047,-0.0026190293855073697
-5.849767842383772,8.327468847575577,3.0,-3.1343699124847024,30.111384950681835,-0.003044307032355614
-5.973439008521497,8.326599979018244,3.0,-3.134773392575737,30.235059168958866,-0.003482776914379754
-6.0970611500944285,8.325784710042125,3.0,-3.1352317114160657,30.35868399878921,-0.003934009467568679
-6.220646614672793,8.32502979615104,3.0,-3.1357464229159824,30.482271769017633,-0.0043974935897428315
-6.344208877825043,8.324342187535493,3.0,-3.1363190333374202,30.60583594538325,-0.004872631701546558
-6.467762572810597,8.323729029014812,3.0,-3.1369509779942577,30.729391161816856,-0.005358129382652549
-6.591323485831982,8.32319764553464,3.0,-3.1376433271630275,30.8529532174613,-0.005848605840333716
-6.7149084305040345,8.322755477007107,3.0,-3.1383963711930445,30.976538953137396,-0.006337029568689677
-6.838535057212329,8.322409985843038,3.0,-3.139209562047791,31.10016606260541,-0.006816387414095159
-6.962221658442126,8.322168562794173,3.0,-3.1400815174052106,31.223852899451,-0.007279729819986148
-7.085986974107074,8.322038432795278,3.0,-3.141010028101052,31.347618283526923,-0.007720212342272928
-7.209849996877931,8.322026560806252,3.0,3.14119323826005,31.471481306866732,-0.008131136767590386
-7.333829777511266,8.322139557654248,3.0,3.1401614945260623,31.595461138993485,-0.00850599046719748
-7.4579452301781775,8.322383585875793,3.0,3.1390846599277173,31.719576831556857,-0.00883848266249373
-7.5822149377929975,8.322764265558886,3.0,3.1379681114090183,31.843847122244913,-0.00912257634965444
-7.7066569573420045,8.323286580185131,3.0,3.1368179684313726,31.96829023793238,-0.009352514728392812
-7.8312886252121405,8.32395478247184,3.0,3.135641068642884,32.092923697045045,-0.009522841099405028
-7.956126362519706,8.324772300214146,3.0,3.1344449421432685,32.21776411113973,-0.009628411331374695
-8.081185480439094,8.325741642127127,3.0,3.133237784968455,32.342826985720954,-0.009664398145135207
-8.206479985531479,8.326864303687906,3.0,3.13202843248295,32.46812652033831,-0.0096262866125266
-8.33202238507354,8.328140672977785,3.0,3.130826333422793,32.59367540803287,-0.009509860412938486
-8.457823492386161,8.329569936524338,3.0,3.1296415253778016,32.71948463422621,-0.009311178523594376
-8.583892232163159,8.331149985143544,3.0,3.1284846125396677,32.84556327517146,-0.009026542132459079
-8.71023544579998,8.332877319781888,3.0,3.127366746573642,32.971918296112584,-0.00865245164768207
-8.836857696722408,8.334746957358474,3.0,3.12629961149795,33.09855434932544,-0.008185553727604383
-8.963761075715286,8.336752336607152,3.0,3.125295413478959,33.22547357224199,-0.007622578263930224
-9.090945006251237,8.338885223918636,3.0,3.1243668764743053,33.35267538588809,-0.006960265211526806
-9.218406049819333,8.341135619182586,3.0,3.123527244683922,33.48015629389518,-0.0061952810655875375
-9.346137711253853,8.343491661629757,3.0,3.1227902928038462,33.60790968237797,-0.005324124634708234
-9.474130244062966,8.345939535674106,3.0,3.1221703451239926,33.73592562100371,-0.004343021540510965
-9.60237045575745,8.348463376754886,3.0,3.121682304573413,33.86419066561543,-0.003247806583581667
-9.730841513179413,8.351045177178788,3.0,3.1213416929000632,33.992687662812045,-0.0020337927427825733
-9.859522747830969,8.353664691962036,3.0,3.121164703282734,34.12139555693338,-0.0006956251090462261
-9.988389461203003,8.356299344672511,3.0,3.1211682668171066,34.25028919995046,0.0007728825194681327
-10.117412730103823,8.35892413327186,3.0,3.1213701345036973,34.379339164820834,0.0023789313564332305
-10.246559211987925,8.361511535957613,3.0,3.1217889766016285,34.50851156293939,0.004130945493453291
-10.375790950284658,8.364031417005295,3.0,3.1224445015094426,34.63776786639763,0.006038808793304242
-10.50506517972697,8.366450932610551,3.0,3.1233575967052634,34.76706473586348,0.008114136974287138
-10.634334131680088,8.368734436731236,3.0,3.1245504947391116,34.89635385501172,0.010370592631466526
-10.763544839470258,8.370843386929561,3.0,3.1260469678390264,35.02558177257822,0.01282425290082739
-10.892638943713443,8.372736250214183,3.0,3.1278725553933753,35.154689753283385,0.015494041916682464
-11.021552497644016,8.374368408882322,3.0,3.1300548294334978,35.283613639080116,0.018402243279280854
-11.150215772443506,8.375692066361893,3.0,3.1326237042999816,35.41228372243772,0.021575111619630355
-11.278553062569284,8.3766561530536,3.0,3.1356117979779072,35.54062463368576,0.025043607259363297
-11.406482491083281,8.37720623217306,3.0,3.13905485418829,35.66855524482694,0.02884428422613058
-11.533915814980679,8.377284405592913,3.0,-3.1401930708835946,35.79598859270191,0.033020369907346206
-11.660758230518685,8.376829219684947,3.0,-3.1357178006517294,35.92283182497595,0.03762308494153037
-11.786908178545158,8.375775571162196,3.0,-3.1306562001796046,36.048986173146325,0.042713265255949324
-11.912257149827372,8.374054612921068,3.0,-3.124954144411719,36.17434695767952,0.048363365372406174
-12.03668949038072,8.37159365988345,3.0,-3.1185508754722235,36.29880363152804,0.054659944398317284
-12.160082206797405,8.368316094838825,3.0,-3.1113778754661596,36.42223986971322,0.06170676500524587
-12.282304349835904,8.36414082813492,3.0,-3.1033378907300317,36.54453330821657,0.07030034223472391
-12.403204234309975,8.35896888957719,3.0,-3.094058754113632,36.66554376650134,0.08445145458470125
-12.522563740855622,8.352635196754502,3.0,-3.0825948224585797,36.78507120045519,0.10983906028664066
-12.640038797965017,8.344845703682266,3.0,-3.0673117751734327,36.902804225750465,0.15371721658195645
-12.755099276240044,8.33511392764178,3.0,-3.0457240880877965,37.01827552575951,0.22633976770947234
-12.866968882645887,8.322697476019629,3.0,-3.014192113537296,37.13083207647196,0.3437805660493632
-12.974565054764545,8.306534573147005,3.0,-2.9673691826636763,37.239635457319515,0.5331864357768451
-13.07643922397224,8.285180949062278,3.0,-2.89728957276866,37.343723514335245,0.8392500229802139
-13.170758068031033,8.256786939882042,3.0,-2.793579387150326,37.44222358591854,1.295430524778356
-13.255504659292313,8.219290311094898,3.0,-2.6475741748574615,37.534894950971655,1.8684140856688132
-13.328853527899165,8.170779695682738,3.0,-2.459574563696419,37.622834341085365,2.3640869559796163
-13.389563922743449,8.109875885328897,3.0,-2.2484404188726295,37.70882867902552,2.4449049656225434
-13.437352293982974,8.036093815775017,3.0,-2.0488634538027157,37.796735005381365,2.0299320753054135
-13.473023769242996,7.949980610089704,3.0,-1.8875319752860478,37.889944116205506,1.4328942512540985
-13.498243322047744,7.852918924587624,3.0,-1.7710530606509975,37.990228694462466,0.9206442233823041
-13.515138218482454,7.746774656335237,3.0,-1.6924492132399946,38.097709126208784,0.5724208667969772
-13.5257861546673,7.633439041647245,3.0,-1.6405186323084142,38.21154383138125,0.35909019805690673
-13.53189106107332,7.514533645241397,3.0,-1.606269466688354,38.33060584537672,0.22737891077354053
-13.534770293531082,7.391387633896933,3.0,-1.583765065971121,38.45378551127007,0.14473874486767785
-13.535409222871833,7.265073988607868,3.0,-1.5690355193516934,38.58010077248942,0.09268525109894392
-13.534516677431531,7.136446462544447,3.0,-1.5593720093373231,38.70873139519863,0.06024834182069162
-13.532580385554851,7.00617653901459,3.0,-1.5529244505933006,38.83901570815574,0.04040380543829388
-13.52992241809918,6.874790389425349,3.0,-1.54847967514922,38.970428740595004,0.02817587455967261
-13.526754629455453,6.742705830303125,3.0,-1.5453429786055597,39.10255128084989,0.01964112036746059
-13.523232296141575,6.610268136497964,3.0,-1.543228382143753,39.23503580663461,0.012459765584891444
-13.51948812925449,6.477773399687419,3.0,-1.541998697502728,39.36758343606711,0.006239027953843649
-13.515638881888338,6.345474495714175,3.0,-1.5415398152654092,39.49993832527717,0.0008147894360713968
-13.511786233047129,6.213583419801329,3.0,-1.5417520734918595,39.63188565874224,-0.00392946928642704
-13.508017604454169,6.082273579184125,3.0,-1.542546520747548,39.76324956856677,-0.008074767195822551
-13.504406977361484,5.951682085741694,3.0,-1.5438420940849849,39.893890966245785,-0.011675487802316578
-13.501015709359226,5.8219120486287785,3.0,-1.5455635078756491,40.02370530763744,-0.014766152331997955
-13.497893351185139,5.693034866907484,3.0,-1.547639714088954,40.15262030710993,-0.01736685022440602
-13.49507846353394,5.565092522178999,3.0,-1.5500028375932335,40.28059361357308,-0.01948781376851022
-13.492599433866785,5.438099871215343,3.0,-1.5525875177559334,40.407610458860894,-0.021133439585368063
-13.49047529322066,5.312046938591094,3.0,-1.5553306042117083,40.53368128735289,-0.022305923454455995
-13.488716533017836,5.186901209315128,3.0,-1.558171162998204,40.658839374560486,-0.023008570434161355
-13.487325921875275,5.062609921462355,3.0,-1.5610507514746639,40.78313844147352,-0.023248761936364905
-13.486299322414064,4.939102358805452,3.0,-1.5639139183573119,40.90665027062321,-0.0230405035155464
-13.48562650806884,4.816292143446604,3.0,-1.5667088805361382,41.029462328971036,-0.0224064427863782
-13.485291979897218,4.694079528449232,3.0,-1.569388322762603,41.151675401813485,-0.021379238090869432
-13.485275783389202,4.572353690469736,3.0,-1.5719102614515497,41.27340124087051,-0.02000217619440358
-13.48555432527664,4.450995022389223,3.0,-1.5742389112085784,41.39476022860467,-0.01832897965950049
-13.486101190342618,4.3298774259452495,3.0,-1.5763454934633756,41.5158790596334,-0.016422806394501915
-13.486887958230922,4.208870604363563,3.0,-1.5782089314946726,41.63688843891043,-0.014354516542042684
-13.487885020255403,4.087842354989813,3.0,-1.5798163853396618,41.75792079524193,-0.012200354326001733
-13.489062396209485,3.9666608619213175,3.0,-1.581163593146224,41.879108007754006,-0.010039253163636259
-13.490390551175528,3.8451969886387802,3.0,-1.5822550014523835,42.00057914221981,-0.0079500114197991
-13.491841212334261,3.723326570638025,3.0,-1.583103684262547,42.12245819374827,-0.006008597485728978
-13.493388185774247,3.600932708061747,3.0,-1.5837310680506687,42.244861832269216,-0.004285825212279673
-13.495008173301274,3.4779080583312316,3.0,-1.5841664954422703,42.3678971475283,-0.0028455980342457408
-13.496681589247777,3.354157128778099,3.0,-1.584446673098696,42.491659390907266,-0.0017438604709277851
-13.498393377282285,3.229598569276039,3.0,-1.5846150585136816,42.61622971226634,-0.0010283295734955216
-13.50013382721884,3.104167464872542,3.0,-1.584721245866177,42.74167289110785,-0.0007390171674165985
-13.501899391826415,2.9778176284206426,3.0,-1.5848204131534331,42.86803506262213,-0.0009095058110116013
-13.503693503638354,2.8505238932106494,3.0,-1.5849728924487505,42.99534144054918,-0.0015689140574444013
-13.505527391761772,2.7222844056018807,3.0,-1.5852439235655973,43.123594040241386,-0.0027444837777074516
-13.507420898686968,2.5931229176544104,3.0,-1.5857036501720556,43.252769406845395,-0.004464725273801432
-13.509403155367695,2.46309109847372,3.0,-1.586422275785472,43.382816334302326,-0.006613902242482573
-13.511510122537215,2.3322712593153683,3.0,-1.5874226902900126,43.51365313962893,-0.00859139276294513
-13.513774957254569,2.200780025995561,3.0,-1.5886401730963657,43.645163876514786,-0.009729068955899738
-13.516215832762706,2.068772347548323,3.0,-1.5899216888698218,43.777194119422525,-0.009382802660048697
-13.51882367573515,1.936445515790141,3.0,-1.5910265787135605,43.90954664583637,-0.0069022849589977986
-13.521549903522654,1.8040431848846015,3.0,-1.5916242149956137,44.04197704093949,-0.0015875065400859968
-13.524294161399856,1.671859390907027,3.0,-1.5912872592438168,44.17418931851462,0.007373308872015372
-13.526892059811926,1.5402425714091132,3.0,-1.5894786721361545,44.3058317746255,0.02099310830809743
-13.529102911621234,1.409599584983567,3.0,-1.5855298624120182,44.436493466669916,0.040617335194428374
-13.530597469353982,1.28039973082874,3.0,-1.5786061945713783,44.56570196490608,0.06812109062999618
-13.530945662446895,1.15317876831327,3.0,-1.567654330564574,44.69292340390829,0.10621080493758993
-13.529604334493834,1.0285429365407146,3.0,-1.5513233920318352,44.81756645314215,0.1588911190479518
-13.525904980492502,0.9071729739141904,3.0,-1.5278487604657698,44.93899278079802,0.2321851638806439
-13.519041484091032,0.7898281377010066,3.0,-1.4948845689528696,45.056538168494654,0.33520964132948317
-13.508057854834705,0.6773502235973061,3.0,-1.4492732063948608,45.169551093741106,0.4816171457520144
-13.49183596541257,0.5706675852926996,3.0,-1.386762938352734,45.27746001372484,0.6909141479680124
-13.469083340951624,0.4707991193002997,3.0,-1.3017799238964831,45.37988751208117,0.9866353621763103
-13.438343280831466,0.3788433458799379,3.0,-1.1885553747961262,45.47684531507571,1.3580338892585408
-13.398194569408528,0.29584096526220266,3.0,-1.0466311346319097,45.56904788671628,1.7023358556944288
-13.347668252909266,0.2224925669379491,3.0,-0.8863449531647072,45.6581146942021,1.84960170073888
-13.286597389633275,0.15892198154605472,3.0,-0.7261239084285993,45.74626723057141,1.7450082447023023
-13.215545072516145,0.10472478836649518,3.0,-0.5810297429213889,45.83563035225064,1.4862955614487072
-13.135471496887103,0.05919327201813687,3.0,-0.45742333358431836,45.927743850148616,1.2008930554664852
-13.04741092843354,0.021535110844005584,3.0,-0.35478049847046295,46.02351859013459,0.9507810464807361
-12.95231869437711,-0.00902044766944439,3.0,-0.2704175727720107,46.12339939476647,0.7471384065714045
-12.85106093180833,-0.03321088117538665,3.0,-0.20137060134316617,46.22750660658986,0.5867445429335698
-12.744420485823614,-0.051739373898737895,3.0,-0.14493920303817037,46.33574472262307,0.4618430890510011
-12.63310284007477,-0.06527381951724327,3.0,-0.09885781891711273,46.447882135975014,0.3644894232527247
-12.517742047318478,-0.07444582404256184,3.0,-0.061295165309537505,46.563606974157544,0.2880297460541313
-12.398906659965816,-0.07984970870135194,3.0,-0.03079144290444308,46.68256516537052,0.2273300898797096
-12.277105660631701,-0.0820415128163567,3.0,-0.00618325323362226,46.804385883822135,0.1785766730585782
-12.15279439268443,-0.08153799668748926,3.0,0.013464740582770158,46.92869817149777,0.1389874451347141
-12.026380490795155,-0.07881564447291842,3.0,0.028916143240081158,47.055141383227195,0.10655150082270241
-11.89822980894334,-0.0743096688382969,3.0,0.04080713402795557,47.183371259135676,0.07981750163722712
-11.768671996437872,-0.06841326024209009,3.0,0.04967482723058027,47.31306318030094,0.05764571162327211
-11.638004012584533,-0.061478268902444115,3.0,0.055968746122487735,47.44391506645157,0.03912200892520103
-11.506491884082932,-0.05381710810177938,3.0,0.06006706172765852,47.575650154138316,0.023559360086783762
-11.37437225971133,-0.04570479838035413,3.0,0.06229221592627549,47.708018597179354,0.01044151350511059
-11.24185396457382,-0.0373810120339849,3.0,0.06292299108470624,47.84079805329095,-0.0006204713645041448
-11.109119554347481,-0.02905211761176788,3.0,0.0622037686296561,47.97379351990704,-0.009920606687896981
-10.976326869529563,-0.020893224413799566,3.0,0.06035158028301161,48.10683661322408,-0.017682323613002943
-10.843610589684658,-0.013050226988898222,3.0,0.057561416623341154,48.239784435863186,-0.024077014830296117
-10.711083787691878,-0.005641849632324486,3.0,0.054010149571171145,48.372518144096965,-0.029238366408644245
-10.578839483992029,0.0012383091164974215,3.0,0.04985934431646751,48.50494130085388,-0.03327359926302215
-10.446952200834765,0.007519731976258746,3.0,0.04525717683766329,48.63697808259195,-0.03627239549882489
-10.315479516525789,0.013152938426045233,3.0,0.0403396304425063,48.768571394482464,-0.038314037419275075
-10.184463619674025,0.018107440207615805,3.0,0.03523111433474159,48.89968093767355,-0.03947311281340233
-10.05393286343877,0.022369696827682133,3.0,0.03004462549861056,49.03028126368709,-0.03982402108993653
-9.923903319776885,0.02594107106018712,3.0,0.024881559335394484,49.16035984354875,-0.03944443745237287
-9.79438033368996,0.02883578444858417,3.0,0.019831262251889557,49.2899151726189,-0.03841784646608875
-9.665360077471501,0.03107887280811594,3.0,0.014970409103325675,49.41895492602871,-0.03683523405403057
-9.536831104954084,0.03270414172809361,3.0,0.010362278815715444,49.547494174024976,-0.03479602161965094
-9.40877590575655,0.03375212207417564,3.0,0.006055991836746128,49.67555366139052,-0.03240833214426334
-9.281172459531165,0.034268025490646926,3.0,0.002085762799980055,49.80315815051583,-0.029788691169889935
-9.153995790210796,0.0342996999026977,3.0,-0.001529789300621736,49.93033482378058,-0.027061281886047412
-9.02721951946845,0.033895586071833766,3.0,-0.004788169920356156,50.057111738600774,-0.02435283324430337
-8.900817300396005,0.03310283430902672,3.0,-0.0076996485260925574,50.1835164435836,-0.021726258563903703
-8.774763523955935,0.03196639355555843,3.0,-0.010277584672508886,50.309575342723605,-0.019188261128204487
-8.649033386331787,0.030528954999703626,3.0,-0.01253563566835303,50.4353136970018,-0.016743220753519066
-8.52360287963997,0.028830998166174966,3.0,-0.014487678324962257,50.560755695815494,-0.014394930533099183
-8.398448782451133,0.026910837260176502,3.0,-0.016147757099026504,50.685924522050534,-0.012146621118963051
-8.273548650311536,0.02480466751145567,3.0,-0.01753003514098014,50.81084241091958,-0.010000985079880674
-8.14888080626442,0.02254661151835609,3.0,-0.018648748127906893,50.935530702896905,-0.007960201167483274
-8.024424331371394,0.0201687655918704,3.0,-0.019518160760520587,51.06000989109336,-0.006025958381053878
-7.900159055233806,0.017701246099692588,3.0,-0.020152525807785007,51.18429966342397,-0.004199479767567114
-7.7760655465141175,0.015172235810271035,3.0,-0.02056604558908997,51.308418939926085,-0.002481545928039109
-7.652125103457257,0.012608030236860511,3.0,-0.02077283579175959,51.43238590558772,-0.0008725182254587084
-7.52831974441204,0.010033083981575486,3.0,-0.02078689153030602,51.55621803904481,0.0006276382951554612
-7.4046321983525125,0.007470057079442515,3.0,-0.020622055562662993,51.67993213750221,0.0020193322563189097
-7.281045895399331,0.0049398613424527695,3.0,-0.02029198858714357,51.80354433822732,0.003303323547480455
-7.157544957341148,0.002461706703614722,3.0,-0.019810141551696293,51.92707013695643,0.004480701157802294
-7.034114188155963,5.314756100697636e-05,3.0,-0.019189729913904868,52.050524403544465,0.005552861232804147
-6.9107390645325335,-0.002269870878169453,3.0,-0.018443709795898624,52.17392139517621,0.006521485354755783
-6.787405726391715,-0.004492966253538063,3.0,-0.017584755982815784,52.297274767444684,0.007388519057539027
-6.664100967407861,-0.006603272707494646,3.0,-0.016625241716642994,52.42059758358751,0.008156150598073852
-6.540812225530183,-0.00858939454115446,3.0,-0.015577220239171914,52.543902322157116,0.008826790017552379
-6.417527573504137,-0.010441359870299377,3.0,-0.01445240803853204,52.66720088338458,0.009403048536023827
-6.294235709392791,-0.012150574281325772,3.0,-0.013262169753387681,52.790504594480204,0.00988771833283493
-6.170925947098203,-0.01370977448719123,3.0,-0.01201750468756279,52.91382421409699,0.010283752772693396
-6.04758820688279,-0.015112981983362606,3.0,-0.010729034885734743,53.03716993616599,0.010594247142451184
-5.924213005890715,-0.01635545670376273,3.0,-0.009406994718087201,53.16055139329495,0.010822419966971529
-5.800791448669258,-0.017433650676718246,3.0,-0.008061221918601503,53.28397765990467,0.010971594973623372
-5.677315217690181,-0.018345161680906677,3.0,-0.006701150018169725,53.40745725525998,0.01104518377409502
-5.553776563871118,-0.019088686901304,3.0,-0.005335802110089648,53.530998146535616,0.011046669329466128
-5.430168297096937,-0.019663976585131807,3.0,-0.003973785881908878,53.65460775204076,0.010979590260006854
-5.306483776741127,-0.020071787697804943,3.0,-0.0026232898441536845,53.77829294470969,0.010847526055213243
-5.182716902187168,-0.020313837578878526,3.0,-0.0012920806833329143,53.902060055950926,0.010654083232393542
-5.058862103349898,-0.020392757597995605,3.0,1.2498336154234927e-05,54.02591487993203,0.01040288248396256
-4.934914331196904,-0.020312046810834154,3.0,0.001283527998872777,54.14986267836315,0.01009754684475493
-4.810869048269889,-0.020076025615055077,3.0,0.0025145128734016886,54.27390818582895,0.009741690901403716
-4.68672221920604,-0.019689789406248853,3.0,0.0036993802362081936,54.398055615705765,0.009338911056403595
-4.562470301259417,-0.01915916223388318,3.0,0.004832478265577477,54.52230866668887,0.00889277685012315
-4.43811023482232,-0.018490650457250683,3.0,0.005908573586828486,54.64667052994379,0.008406823334959197
-4.313639433946664,-0.017691396401415642,3.0,0.006922848249451155,54.771143896884965,0.007884544487217714
-4.189055776865356,-0.016769132013161787,3.0,0.007870896215632858,54.89573096757593,0.007329387634313703
-4.064357596513671,-0.015732132516939508,3.0,0.008748719437932094,55.020433459736175,0.006744748867623483
-3.9395436710506275,-0.014589170070813432,3.0,0.009552723601649332,55.145252618332314,0.006133969404888924
-3.8146132143803597,-0.013349467422409373,3.0,0.01027971360478556,55.27018922572382,0.005500332860523271
-3.6895658666734916,-0.012022651564861958,3.0,0.010926888845423892,55.395243612327576,0.004847063377536038
-3.5644016848885203,-0.01061870739276216,3.0,0.011491838382975678,55.52041566775985,0.004177324571090544
-3.4391211332931815,-0.009147931358104081,3.0,0.011972536036060338,55.64570485240951,0.003494219230920166
-3.3137250739858306,-0.007620885126233138,3.0,0.012367335475897424,55.771110209392404,0.002800789727929572
-3.188214757416814,-0.006048349231792621,3.0,0.012674965370040222,55.896630376833315,0.0021000190692532983
-3.062591812909851,-0.004441276734671446,3.0,0.012894524627131051,56.022263600419315,0.001394832545780732
-2.9368582391833953,-0.002810746875951778,3.0,0.013025477789163313,56.14800774616633,0.0006880999166233637
-2.81101639487203,-0.0011679187338556832,3.0,0.013067650613548941,56.273860313339156,-1.7361923871000067e-05
-2.6850689890478248,0.00047601512030677603,3.0,0.013021225883157848,56.399818447464604,-0.0007187858492300941
-2.5590190717417203,0.0021098749661907458,3.0,0.012886739478466665,56.52587895337693,-0.0014134510245243793
-2.4328700244648993,0.003722540278468843,3.0,0.012665076742063693,56.65203830823522,-0.0020986790983213714
-2.3066255507301667,0.005302996070883907,3.0,0.01235746916204644,56.77829267445307,-0.00277183010757602
-2.1802896665733202,0.0068403792403017435,3.0,0.011965491397345046,56.90463791248246,-0.0034302981367005116
-2.0538666910745254,0.008324024910763728,3.0,0.011491058664740733,57.03106959339529,-0.0040715067683888455
-1.9273612368796955,0.00974351277753924,3.0,0.01093642450434434,57.15758301120875,-0.004692904359895374
-1.8007782007218602,0.011088713451178518,3.0,0.010304178937577778,57.284173194903175,-0.005291959174433991
-1.6741227539425472,0.012349834801565387,3.0,0.009597247029275346,57.410834920084575,-0.00586615439322085
-1.5474003330131518,0.01351746830196939,3.0,0.00881888786340638,57.53756272024775,-0.006412983029472126
-1.4206166300563146,0.014582635373099234,3.0,0.00797269394012345,57.66435089760012,-0.006929942761427617
-1.293777583367299,0.015536833727154704,3.0,0.007062591000366936,57.7911935334111,-0.007414530697238303
-1.166889367935362,0.01637208371187953,3.0,0.006092838283110747,57.918084497857116,-0.007864238080365784
-1.0399583859651282,0.017080974654614327,3.0,0.005068029219511804,58.045017459337956,-0.00827654494002824
-0.9129912573979748,0.017656711206348766,3.0,0.0039930925677251206,58.17198589324641,-0.008648914687226509
-0.7859948104333958,0.018093159685774414,3.0,0.002873293991956576,58.298983090179654,-0.008978788653030631
-0.6589760720503792,0.018384894423337596,3.0,0.0017142380894354825,58.426002163588215,-0.00926358056214174
-0.5319422585287905,0.018527244105291607,3.0,0.0005218708693817738,58.553036056865835,-0.00950067093131055
-0.4049007659707339,0.018516338117749637,3.0,-0.0006975173113037453,58.68007754989201,-0.009687401379040679
-0.2778591608219414,0.018349152890737446,3.0,-0.0019372883500099185,58.80711926504763,-0.009821068830190767
-0.1508251703931392,0.01802355824224565,3.0,-0.0031904525313408098,58.93415367273366,-0.009898919596679934
-0.023806673381426002,0.01753836372228288,3.0,-0.004449664183039902,59.0611730964327,-0.009918143313574405
0.1031883096083478,0.016893364956927944,3.0,-0.005707216845591081,59.18816971736404,-0.009875866708480431
0.23015162554222762,0.01608938999238276,3.0,-0.006955037944752634,59.31513557879407,-0.00976914718149793
0.3570749984357413,0.01512834563902489,3.0,-0.008184682954864627,59.442062590075814,-0.009594966173126126
0.48395003883255316,0.014013263815460066,3.0,-0.009387329039445945,59.568942530504415,-0.009350222298605831
0.6107682532830769,0.012748347892575253,3.0,-0.01055376815444721,59.695767053088616,-0.009031724229407786
0.7375210538231065,0.011339019037590718,3.0,-0.01167439959866564,59.82252768835273,-0.008636183306136542
0.8641997674524359,0.00979196255811296,3.0,-0.012739221995377718,59.94921584829884,-0.00816020587225577
0.9907956456134852,0.008115174246187535,3.0,-0.013737824689352527,60.07582283067505,-0.0076002853250348845
1.1172998736699304,0.006318006722351201,3.0,-0.01465937854424152,60.20233982371261,-0.006952793889297098
1.2437035803853205,0.004411215779684945,3.0,-0.015492626127095493,60.32875791151293,-0.006213974131301037
1.3699978474017058,0.0024070067278666486,3.0,-0.016225871269664082,60.455068080284605,-0.005379930244859906
1.4961737187182655,0.0003190807372235732,3.0,-0.016846968000448066,60.581261225650884,-0.004446619160116153
1.6222222101699277,-0.0018373188172152166,3.0,-0.017343308847505987,60.70732816126954,-0.00340984154785241
1.7481343189059975,-0.00404536001166568,3.0,-0.01770181252011138,60.833259629029904,-0.0022652328195323984
1.8739010328687815,-0.006286576029536792,3.0,-0.017908910987919146,60.959046311116026,-0.0010082542562374714
1.9995133402722103,-0.008540818817377137,3.0,-0.01795053598979102,61.084678844250405,0.0003658155607765873
2.1249622390804657,-0.010786212740823059,3.0,-0.017812105021380708,61.21014783645994,0.0018618887979743723
2.2502387464866067,-0.012999108240545496,3.0,-0.01747850687159558,61.335443886734375,0.003485075619913829
2.3753339083911906,-0.015154035488197659,3.0,-0.016934086803821177,61.4605576079778,0.00524069029989459
2.5002388088808996,-0.017223658042361985,3.0,-0.016162631509101813,61.58547965368575,0.007134255770779122
